No,Name,Street,House No,Post Code,City,Phone,Date-of-Birth,Contribution,Email,Date Joined,Comment,Gender
001,Mohammad Daimi,,,,,,12/08/1985,"5",,,,
"002","Mohammad Daimi",,,,,,"12/08/1985","5",,,,
"03","Mohammad Daimi",,,,,,"12/08/1985","5",,,,
004,Mohammad Daimi,,,,,,12/08/1985,"5",,,,
"05","Mohammad Daimi",,,,,,"12/08/1985","5",,,,
"06","Mohammad Daimi",,,,,,"12/08/1985","5",,,,
7,Mohammad Daimi,,,,,,12/08/1985,"5",,,,
"8","Mohammad Daimi",,,,,,"12/08/1985","5",,,,
"9","Mohammad Daimi",,,,,,"12/08/1985","5",,,,
10,Mohammad Daimi,,,,,,12/08/1985,"5",,,,
11,"Mohammad Daimi",,,,,,"12/08/1985","5",,,,
12,"Mohammad Daimi",,,,,,"12/08/1985","5",,,,
13,Mohammad Daimi,,,,,,12/08/1985,"5",,,,
"14","Mohammad Daimi",,,,,,"12/08/1985","5",,,,
"15","Mohammad Daimi",,,,,,"12/08/1985","5",,,,
16,Mohammad Daimi,,,,,,12/08/1985,"5",,,,
"17","Mohammad Daimi",,,,,,"12/08/1985","5",,,,
"18","Mohammad Daimi",,,,,,"12/08/1985","5",,,,
19,Mohammad Daimi,,,,,,12/08/1985,"5",,,,
"20","Mohammad Daimi",,,,,,"12/08/1985","5",,,,
"21","Mohammad Daimi",,,,,,"12/08/1985","5",,,,
22,Mohammad Daimi,,,,,,12/08/1985,"5",,,,
"23","Mohammad Daimi",,,,,,"12/08/1985","5",,,,
"24","Mohammad Daimi",,,,,,"12/08/1985","5",,,,
"25","Mohammad Daimi",,,,,,"12/08/1985","5",,,,
"26","Mohammad Daimi",,,,,,"12/08/1985","5",,,,